Company Name,Country,Company Website URL,Email
VISCOTEC PUMPEN- U. DOSIERTECHNIK GMBH,Germany,https://www.viscotec.com,mail@viscotec.de
VISCOTEC PUMPEN- U. DOSIERTECHNIK GMBH,Germany,https://www.viscotec.com,sales@viscotec-america.com
VISCOTEC PUMPEN- U. DOSIERTECHNIK GMBH,Germany,https://www.viscotec.com,sales@viscotec-asia.com
VISCOTEC PUMPEN- U. DOSIERTECHNIK GMBH,Germany,https://www.viscotec.com,sales@viscotec-china.com
VISCOTEC PUMPEN- U. DOSIERTECHNIK GMBH,Germany,https://www.viscotec.com,sales@viscotec-hongkong.com
VISCOTEC PUMPEN- U. DOSIERTECHNIK GMBH,Germany,https://www.viscotec.com,sales@viscotec-india.com
VISCOTEC PUMPEN- U. DOSIERTECHNIK GMBH,Germany,https://www.viscotec.com,sales@viscotec-nordic.com
VISCOTEC PUMPEN- U. DOSIERTECHNIK GMBH,Germany,https://www.viscotec.com,sales@viscotec.fr
MILÉNICA HEALTHCARE S.L.,Spain,https://www.milenicahealthcare.com,info@milenicahealthcare.com
P.A. AROMATICS FLAVORS SRL,Italy,http://www.paaromatics.it,info@paaromatics.it
VAN DIEMEN CHEMICALS BV,Netherlands,https://www.vandiemenchemicals.com,info@vandiemenchemicals.com
"ALTAMI LOGISTICS,S.L.",Spain,https://www.altamilogistics.com,info@altamilogistics.com
Permix EU,Belgium,https://www.permixtec.com/,srugoa@permixtec.com
500cosmetics,Spain,https://500cosmetics.com/es/,es@500cosmetics.com
500cosmetics,Spain,https://500cosmetics.com/es/,johndoe@domain.com
500cosmetics,Spain,https://500cosmetics.com/es/,juanperez@dominio.com
SOLITEK - SOLID TECHNOLOGIES SL,Spain,https://solitekpharma.com/,contact@solitekpharma.com
SOLITEK - SOLID TECHNOLOGIES SL,Spain,https://solitekpharma.com/,diaz@solitekpharma.com
SOLITEK - SOLID TECHNOLOGIES SL,Spain,https://solitekpharma.com/,info@solitekpharma.com
FHS Dizayn Paslanmaz Çelik A.S.,Turkey,https://fhsdizaynpaslanmaz.com/en/homepage/#/,info@fhsdizayn.com
SCHUBERT & SALZER CONTROL SYSTEMS GMBH,Germany,https://controlsystems.schubert-salzer.com/,cs@schubert-salzer.com
SCHUBERT & SALZER CONTROL SYSTEMS GMBH,Germany,https://controlsystems.schubert-salzer.com/,info.cs@schubert-salzer.com
SELECTPACK,Poland,https://ukrpol.ua/en/abouts,dorka@selectpack.pl
SELECTPACK,Poland,https://ukrpol.ua/en/abouts,igor.pechenyuk@ukrpol.ua
SELECTPACK,Poland,https://ukrpol.ua/en/abouts,kovalchuk@ukrpol.ua
SELECTPACK,Poland,https://ukrpol.ua/en/abouts,levkovskiy@ukrpol.ua
SELECTPACK,Poland,https://ukrpol.ua/en/abouts,mykola.kovalchuk@ukrpol.ua
SELECTPACK,Poland,https://ukrpol.ua/en/abouts,olga.dorka@selectpack.pl
SELECTPACK,Poland,https://ukrpol.ua/en/abouts,pechenyuk@ukrpol.ua
SELECTPACK,Poland,https://ukrpol.ua/en/abouts,sergiy.levkovskiy@ukrpol.ua
SELECTPACK,Poland,https://ukrpol.ua/en/abouts,stepanovych@ukrpol.ua
SELECTPACK,Poland,https://ukrpol.ua/en/abouts,ukrpol@ukrpol.ua
SELECTPACK,Poland,https://ukrpol.ua/en/abouts,vyacheslav.stepanovych@ukrpol.ua
"CROVAY NATURAL SOLUTIONS, S.L",Spain,https://crovay.com,info@crovay.com
POLYBAG,Poland,https://polybag.pl/,biuro@polybag.pl
POLYBAG,Poland,https://polybag.pl/,biuro@polybag.ple
POLYBAG,Poland,https://polybag.pl/,kontakt@polybag.pl
BORFLEX SERVICES,France,https://www.borflex-group.com/,contact@borflex-group.com
BORFLEX SERVICES,France,https://www.borflex-group.com/,contact@borflex.-group.com
BORFLEX SERVICES,France,https://www.borflex-group.com/,jacques@martin.com
GENCLER BAGS,Turkey,https://genclercanta.com,e-mailgencler@genclercanta.com
GENCLER BAGS,Turkey,https://genclercanta.com,gencler@genclercanta.com
PROTEGG CONFECAO,Portugal,https://www.proteggfactory.com,contatogeral.protegg@sapo.pt
PROTEGG CONFECAO,Portugal,https://www.proteggfactory.com,protegg@sapo.pt
PROTEGG CONFECAO,Portugal,https://www.proteggfactory.com,user@domain.com
BANDALL,Netherlands,https://bandall.com/en/,info@bandall.com
BANDALL,Netherlands,https://bandall.com/en/,service@bandall.com
