Company Name,Country,Company Website URL,Email
F.H.U. Green,Poland,https://greentrading.pl/en/home_en/,biuro@greentrading.pl
F.H.U. Green,Poland,https://greentrading.pl/en/home_en/,office@greentrading.pl
SOMEXPORT,France,https://www.somexport.com/,co-ceo@hopp.co
SOMEXPORT,France,https://www.somexport.com/,exemple@monsite.com
EURODUNA Food Ingredients GmbH,Germany,http://www.euroduna-food.com/,food@euroduna.com
ELION TRADE SP. Z O.O.,Poland,https://www.eliontrade.com,contact@eliontrade.com
ELION TRADE SP. Z O.O.,Poland,https://www.eliontrade.com,dza@3dots.law
ELION TRADE SP. Z O.O.,Poland,https://www.eliontrade.com,ebujwid@eliontrade.com
ELION TRADE SP. Z O.O.,Poland,https://www.eliontrade.com,epavlova@eliontrade.com
ELION TRADE SP. Z O.O.,Poland,https://www.eliontrade.com,lsupruniuk@eliontrade.com
ELION TRADE SP. Z O.O.,Poland,https://www.eliontrade.com,mzablocki@eliontrade.com
ELION TRADE SP. Z O.O.,Poland,https://www.eliontrade.com,rjanowski@eliontrade.com
ELION TRADE SP. Z O.O.,Poland,https://www.eliontrade.com,shabbasi@eliontrade.com
ELION TRADE SP. Z O.O.,Poland,https://www.eliontrade.com,srabbasi@eliontrade.com
ELION TRADE SP. Z O.O.,Poland,https://www.eliontrade.com,tduda@eliontrade.com
KREGLINGER EUROPE,Belgium,https://kreglinger.com/,food-uk@kreglinger.com
KREGLINGER EUROPE,Belgium,https://kreglinger.com/,info@kreglinger.com
KREGLINGER EUROPE,Belgium,https://kreglinger.com/,productsafety@kreglinger.com
KREGLINGER EUROPE,Belgium,https://kreglinger.com/,sales@kreglingerlogistics.com
ACHILLE SRL,Italy,https://bello-fresco.com,info@bello-fresco.com
ACHILLE SRL,Italy,https://bello-fresco.com,info@bello-fresco.it
MIXT SP ZOO,Poland,https://mixtsp.com/,info@mixtsp.com
BIOTARIS BV,Netherlands,https://www.biotaris.com,info@biotaris.com
IMA Dairy & Food Holding GmbH,Germany,https://ima.it/foodanddairy/,benhil@ima.it
IMA Dairy & Food Holding GmbH,Germany,https://ima.it/foodanddairy/,corazza@ima.it
IMA Dairy & Food Holding GmbH,Germany,https://ima.it/foodanddairy/,dairyfood@ima.it
IMA Dairy & Food Holding GmbH,Germany,https://ima.it/foodanddairy/,eol@ima.it
IMA Dairy & Food Holding GmbH,Germany,https://ima.it/foodanddairy/,eurosicma@ima.it
IMA Dairy & Food Holding GmbH,Germany,https://ima.it/foodanddairy/,ilapak@ima.it
IMA Dairy & Food Holding GmbH,Germany,https://ima.it/foodanddairy/,record@ima.it
IMA Dairy & Food Holding GmbH,Germany,https://ima.it/foodanddairy/,romualdi@ima.it
IMA Dairy & Food Holding GmbH,Germany,https://ima.it/foodanddairy/,ventas@tecmarsa.com
FORMEX MAQUINARIA,Spain,https://www.formex.es/,formex@formex.es
P.A. AROMATICS FLAVORS SRL,Italy,http://www.paaromatics.it,info@paaromatics.it
LOYEZ WOESSEN,France,https://loyezwoessen.com/,aairaud@beurre-charrier.com
LOYEZ WOESSEN,France,https://loyezwoessen.com/,adauverchain@loyezwoessen.com
LOYEZ WOESSEN,France,https://loyezwoessen.com/,adv1@loyezwoessen.com
LOYEZ WOESSEN,France,https://loyezwoessen.com/,amalfoy@loyezwoessen.com
LOYEZ WOESSEN,France,https://loyezwoessen.com/,asauvage@loyezwoessen.com
LOYEZ WOESSEN,France,https://loyezwoessen.com/,cbelleil@beurre-charrier.com
LOYEZ WOESSEN,France,https://loyezwoessen.com/,choussin@loyezwoessen.com
LOYEZ WOESSEN,France,https://loyezwoessen.com/,contact@loyezwoessen.com
LOYEZ WOESSEN,France,https://loyezwoessen.com/,cpoetto@loyezwoessen.com
LOYEZ WOESSEN,France,https://loyezwoessen.com/,ddupire@loyezwoessen.com
LOYEZ WOESSEN,France,https://loyezwoessen.com/,hbennour@beurre-charrier.com
LOYEZ WOESSEN,France,https://loyezwoessen.com/,jgrard@loyezwoessen.com
LOYEZ WOESSEN,France,https://loyezwoessen.com/,jlefevre@loyezwoessen.com
LOYEZ WOESSEN,France,https://loyezwoessen.com/,llescroart@loyezwoessen.com
LOYEZ WOESSEN,France,https://loyezwoessen.com/,mmylle@loyezwoessen.com
LOYEZ WOESSEN,France,https://loyezwoessen.com/,mpruvost@loyezwoessen.com
LOYEZ WOESSEN,France,https://loyezwoessen.com/,pjallet@loyezwoessen.com
LOYEZ WOESSEN,France,https://loyezwoessen.com/,rneau@beurre-charrier.com
LOYEZ WOESSEN,France,https://loyezwoessen.com/,slhuissier@beurre-charrier.com
LOYEZ WOESSEN,France,https://loyezwoessen.com/,svalle@loyezwoessen.com
LOYEZ WOESSEN,France,https://loyezwoessen.com/,vmartin@loyezwoessen.com
LOYEZ WOESSEN,France,https://loyezwoessen.com/,yrenaud@beurre-charrier.com
MONGIN,France,http://www.monginindustry.com/nos-produits/,contact@monginindustry.com
FOODCOM S.A.,Poland,https://foodcom.pl/en/,foodcom@foodcom.pl
PIE,France,https://site.msi-aci.com/Home/Privacy,mvelders@msi-aci.com
PIE,France,https://site.msi-aci.com/Home/Privacy,rtiesselinck@msi-aci.com
New Flavours,Italy,https://www.new-flavours.com/,info@new-flavours.com
