Company Name,Country,Company Website URL,Email
CANARY ISLAND WORLDWIDE S.L.,Spain,https://www.canaryislandworldwide.es,direccion@canaryislandworldwide.com
CANARY ISLAND WORLDWIDE S.L.,Spain,https://www.canaryislandworldwide.es,info@canaryislandworldwide.com
CANARY ISLAND WORLDWIDE S.L.,Spain,https://www.canaryislandworldwide.es,mail@usercentrics.com
CANARY ISLAND WORLDWIDE S.L.,Spain,https://www.canaryislandworldwide.es,support@snazzymaps.com
BODEGAS BOCOPA,Spain,https://www.bocopa.com/,enoteca@bocopa.com
BODEGAS BOCOPA,Spain,https://www.bocopa.com/,enoturismo@bocopa.com
BODEGAS BOCOPA,Spain,https://www.bocopa.com/,info@bocopa.com
BODEGAS BOCOPA,Spain,https://www.bocopa.com/,online@bocopa.com
BODEGAS BOCOPA,Spain,https://www.bocopa.com/,tienda.online@bocopa.com
Sélection Patrick Clerget,France,https://www.patrick-clerget.com/,contact@aneox.com
Sélection Patrick Clerget,France,https://www.patrick-clerget.com/,info@patrick-clerget.com
MAISON LE STAR VIGNOBLES   CHATEAUX,France,https://www.maisonlestar.fr,afaure@maisonlestar.fr
MAISON LE STAR VIGNOBLES   CHATEAUX,France,https://www.maisonlestar.fr,msaintmarc@maisonlestar.fr
MAISON LE STAR VIGNOBLES   CHATEAUX,France,https://www.maisonlestar.fr,utilisateur@domaine.com
BODEGAS ATREVINO,Spain,https://bodegasatrevino.com/,info@bodegasatrevino.com
SOMEXPORT,France,https://www.somexport.com/,exemple@monsite.com
TRILUXE B.V.,Netherlands,https://triluxebv.com/about-us,eben@eyebytes.com
TRILUXE B.V.,Netherlands,https://triluxebv.com/about-us,info@triluxebv.com
CORCHOS DEL CONDADO SL,Spain,https://www.corchosdelcondado.com/,administracion@corchosdelcondado.com
CORCHOS DEL CONDADO SL,Spain,https://www.corchosdelcondado.com/,comercial@corchosdelcondado.com
CORCHOS DEL CONDADO SL,Spain,https://www.corchosdelcondado.com/,direccion@corchosdelcondado.com
TENUTA IL CANOVINO,Italy,http://ilcanovino.it,export@ilcanovino.it
TENUTA IL CANOVINO,Italy,http://ilcanovino.it,tenutailcanovino@ilcanovino.it
PIOGGIA STORE,Italy,https://www.pioggiastore.it/,info@pioggiastore.it
GLOBAL ALIMENT TRADE,Ireland,https://site.msi-aci.com/Home/Privacy,mvelders@msi-aci.com
GLOBAL ALIMENT TRADE,Ireland,https://site.msi-aci.com/Home/Privacy,rtiesselinck@msi-aci.com
MIXT SP ZOO,Poland,https://mixtsp.com/,info@mixtsp.com
BODEGAS NAJERILLA,Spain,http://www.bodegasnajerilla.es/,najerilla@bodegasnajerilla.es
BODEGAS NAJERILLA,Spain,http://www.bodegasnajerilla.es/,web@bodegasnajerilla.es
Bodegas Ramon De Ayala Lete e Hijos,Spain,http://www.rayalaehijos.com/,bodegas@rayalaehijos.com
JUICE AND WORLD S.L.,Spain,https://www.juiceandworld.com,info@juiceandworld.com
