Company Name,Country,Company Website URL,Email
Herzog Hydraulik GmbH,Germany,https://herzog-hydraulik.de/,sales@herzog-hydraulik.com
Herzog Hydraulik GmbH,Germany,https://herzog-hydraulik.de/,sales@herzog-hydraulik.de
B & W ENERGY GMBH & CO. KG,Germany,http://www.bw-energy.de/,fjhesping@ternion.de
B & W ENERGY GMBH & CO. KG,Germany,http://www.bw-energy.de/,info@bw-energy.de
B & W ENERGY GMBH & CO. KG,Germany,http://www.bw-energy.de/,support@provenexpert.com
AAKEVO ELEKTROTECHNIK GMBH & CO. KG,Germany,http://www.aakevo.de/,info@aakevo.de
AAKEVO ELEKTROTECHNIK GMBH & CO. KG,Germany,http://www.aakevo.de/,info@karmann-group.com
GES ENERJI SAN. VE TIC. LTD STI,Turkey,https://www.gesenerji.com,gesenerji@gesenerji.com
IVG ENERGY SOLUTIONS GMBH,Germany,https://ivg-energy-solutions.de/,info@ivg-energy-solutions.de
IVG ENERGY SOLUTIONS GMBH,Germany,https://ivg-energy-solutions.de/,sales@ivg-energy-solutions.de
HIAT GGMBH,Germany,http://www.hiat.de/,info@hiat.de
Stottrop-Textil GmbH,Germany,https://www.stottrop-textil.de/en/,info@stottrop-textil.de
Türk Ticaret Ajansı / Turk Ticaret Ajansi,Turkey,https://turkticaretajansi.com/projeler,bilgi@turkticaretajansi.com
Kalt Maschinenbau AG,Switzerland,http://www.kalt-ag.ch/,alain.renner@kalt-ag.che
Kalt Maschinenbau AG,Switzerland,http://www.kalt-ag.ch/,bernd.regehr@kalt-ag.che
Kalt Maschinenbau AG,Switzerland,http://www.kalt-ag.ch/,erik.mildner@kalt-ag.che
Kalt Maschinenbau AG,Switzerland,http://www.kalt-ag.ch/,mildner@kalt-ag.ch
Kalt Maschinenbau AG,Switzerland,http://www.kalt-ag.ch/,regehr@kalt-ag.ch
Kalt Maschinenbau AG,Switzerland,http://www.kalt-ag.ch/,renner@kalt-ag.ch
SOLARVIE GMBH,Austria,https://www.solarvie.de/,shop@solarvie.at
SUN WORLD ENERGY,Spain,https://www.sunwenergy.com,info@sunwenergy.com
"ITP - INDÚSTRIA TRANSFORMADORA DE PLÁSTICOS, SA",Portugal,http://www.kozziplast.com,geral@kozziplast.com
ENERGY3000 SOLAR GMBH,Austria,https://energy3000.com/en/,office@energy3000.com
ECO POWER SOCIEDAD MICROCOOPERATIVA,Spain,https://www.grupoecoisos.com/,comercial@direct-electro.es
ECO POWER SOCIEDAD MICROCOOPERATIVA,Spain,https://www.grupoecoisos.com/,grupo@ecoisos.com
ECO POWER SOCIEDAD MICROCOOPERATIVA,Spain,https://www.grupoecoisos.com/,grupo@grupoecoisos.com
ECO POWER SOCIEDAD MICROCOOPERATIVA,Spain,https://www.grupoecoisos.com/,info.grupo@ecoisos.com
ECO POWER SOCIEDAD MICROCOOPERATIVA,Spain,https://www.grupoecoisos.com/,soporte@webador.es
HOPPECKE BATTERIEN GMBH & CO. KG,Germany,https://www.hoppecke.com/en/?pk_campaign=europages,br@hoppecke.com
HOPPECKE BATTERIEN GMBH & CO. KG,Germany,https://www.hoppecke.com/en/?pk_campaign=europages,hoppecke-sk@hoppecke.com
HOPPECKE BATTERIEN GMBH & CO. KG,Germany,https://www.hoppecke.com/en/?pk_campaign=europages,hoppecke_bj@hoppecke.com
HOPPECKE BATTERIEN GMBH & CO. KG,Germany,https://www.hoppecke.com/en/?pk_campaign=europages,hoppecke_gz@hoppecke.com
HOPPECKE BATTERIEN GMBH & CO. KG,Germany,https://www.hoppecke.com/en/?pk_campaign=europages,hoppecke_ly@hoppecke.com
HOPPECKE BATTERIEN GMBH & CO. KG,Germany,https://www.hoppecke.com/en/?pk_campaign=europages,info.br@hoppecke.com
HOPPECKE BATTERIEN GMBH & CO. KG,Germany,https://www.hoppecke.com/en/?pk_campaign=europages,info@dp-wired.de
HOPPECKE BATTERIEN GMBH & CO. KG,Germany,https://www.hoppecke.com/en/?pk_campaign=europages,info@hoppecke.com
HOPPECKE BATTERIEN GMBH & CO. KG,Germany,https://www.hoppecke.com/en/?pk_campaign=europages,service@hoppecke.com
EG EXPORT & IMPORT S.R.O,Ireland,https://eg-int.com/,info@eg-int.com
EG EXPORT & IMPORT S.R.O,Ireland,https://eg-int.com/,sales@eg-int.com
TUNEL GROUP COLD STORAGE SYSTEMS,Turkey,https://tunelgroup.com,export@tunelgroup.com
TUNEL GROUP COLD STORAGE SYSTEMS,Turkey,https://tunelgroup.com,info@tunelgroup.com
CIC - KLAUS CZERWONKA,Germany,https://www.cic-weissach.de/en/,info@cic-weissach.de
SPRINGOS SP,Poland,https://www.pilachawoods.com/,info@pilachawoods.com
RBL - REI,France,http://www.rblrei-france.com,contact@rblrei-france.com
RBL - REI,France,http://www.rblrei-france.com,d.nirefois@rblrei-france.com
RBL - REI,France,http://www.rblrei-france.com,g.prode@alphaplatre-france.com
RBL - REI,France,http://www.rblrei-france.com,giarrana@stephanoise.com
RBL - REI,France,http://www.rblrei-france.com,guillemot@rblrei-france.com
RBL - REI,France,http://www.rblrei-france.com,k.vinet@rblrei-france.com
RBL - REI,France,http://www.rblrei-france.com,nirefois@rblrei-france.com
RBL - REI,France,http://www.rblrei-france.com,prode@alphaplatre-france.com
RBL - REI,France,http://www.rblrei-france.com,v.guillemot@rblrei-france.com
RBL - REI,France,http://www.rblrei-france.com,vinet@rblrei-france.com
