Company Name,Country,Company Website URL,Email
LAUSÍN Y VICENTE SL,Spain,https://www.lausinyvicente.com,comercial@lausinyvicente.com
LAUSÍN Y VICENTE SL,Spain,https://www.lausinyvicente.com,contabilidad@lausinyvicente.com
LAUSÍN Y VICENTE SL,Spain,https://www.lausinyvicente.com,export@lausinyvicente.com
LAUSÍN Y VICENTE SL,Spain,https://www.lausinyvicente.com,info@lausinyvicente.com
LAUSÍN Y VICENTE SL,Spain,https://www.lausinyvicente.com,nacional@lausinyvicente.com
LAUSÍN Y VICENTE SL,Spain,https://www.lausinyvicente.com,tecnico@lausinyvicente.com
FREE KIDS,Poland,http://www.freekids-playgrounds.co.uk,a.liszka-mularz@freekids.pl
FREE KIDS,Poland,http://www.freekids-playgrounds.co.uk,a.oskroba@freekids.pl
FREE KIDS,Poland,http://www.freekids-playgrounds.co.uk,biuro@freekids.pl
FREE KIDS,Poland,http://www.freekids-playgrounds.co.uk,ciesielska@freekids.pl
FREE KIDS,Poland,http://www.freekids-playgrounds.co.uk,ciesielski@freekids.pl
FREE KIDS,Poland,http://www.freekids-playgrounds.co.uk,cupial@freekids.pl
FREE KIDS,Poland,http://www.freekids-playgrounds.co.uk,d.zajac@freekids.pl
FREE KIDS,Poland,http://www.freekids-playgrounds.co.uk,danuta.oskroba@freekids.pl
FREE KIDS,Poland,http://www.freekids-playgrounds.co.uk,dukat@freekids.pl
FREE KIDS,Poland,http://www.freekids-playgrounds.co.uk,i.ciesielska@freekids.pl
FREE KIDS,Poland,http://www.freekids-playgrounds.co.uk,liszka-mularz@freekids.pl
FREE KIDS,Poland,http://www.freekids-playgrounds.co.uk,m.poniewozik@freekids.pl
FREE KIDS,Poland,http://www.freekids-playgrounds.co.uk,m.stocka@freekids.pl
FREE KIDS,Poland,http://www.freekids-playgrounds.co.uk,n.strzyzewska@freekids.pl
FREE KIDS,Poland,http://www.freekids-playgrounds.co.uk,oskroba@freekids.pl
FREE KIDS,Poland,http://www.freekids-playgrounds.co.uk,plocienniczak@freekids.pl
FREE KIDS,Poland,http://www.freekids-playgrounds.co.uk,poniewozik@freekids.pl
FREE KIDS,Poland,http://www.freekids-playgrounds.co.uk,r.ciesielski@freekids.pl
FREE KIDS,Poland,http://www.freekids-playgrounds.co.uk,r.dukat@freekids.pl
FREE KIDS,Poland,http://www.freekids-playgrounds.co.uk,serwis@freekids.pl
FREE KIDS,Poland,http://www.freekids-playgrounds.co.uk,stocka@freekids.pl
FREE KIDS,Poland,http://www.freekids-playgrounds.co.uk,strzyzewska@freekids.pl
FREE KIDS,Poland,http://www.freekids-playgrounds.co.uk,zajac@freekids.pl
DYSERCO,Spain,https://www.dyserco.es,comercial@dyserco.es
MSY INVEST BV,Belgium,https://www.msy.be,info@msy.be
MSY INVEST BV,Belgium,https://www.msy.be,sav@msy.be
MODUGAME - MG SPORT,France,http://www.modugame.fr,contact@modugame.fr
JRF hydraulique,France,https://jrf.fr/,contact@jrf.fr
MEGAFORM,Belgium,https://www.megaform.com/en/,info@megaform.com
MEGAFORM,Belgium,https://www.megaform.com/en/,mail@usercentrics.com
MEGAFORM,Belgium,https://www.megaform.com/en/,quality@megaform.com
WEB2PRINT BUCURESTI SRL,Romania,https://web2print.ro/,vanzari@web-2-print.ro
WEB2PRINT BUCURESTI SRL,Romania,https://web2print.ro/,vanzari@web2print.ro
ALCOR - VENTE ET LOCATION DE TRIBUNES,France,https://www.alcor-equipements.com/,contact@alcor-equipements.fr
ALCOR - VENTE ET LOCATION DE TRIBUNES,France,https://www.alcor-equipements.com/,contact@welko.fr
ALCOR - VENTE ET LOCATION DE TRIBUNES,France,https://www.alcor-equipements.com/,touboul@alcor-equipements.fr
ALCOR - VENTE ET LOCATION DE TRIBUNES,France,https://www.alcor-equipements.com/,yohann.touboul@alcor-equipements.fr
20 NODI S.r.l.,Italy,https://www.20nodi.com,info@20nodi.com
BERKE TEKSTIL,Turkey,https://berketekstil.com,info@berketekstil.com
ERTEMES GMBH,Germany,https://www.ertemes.com/,ehrlich@ertemes.de
ERTEMES GMBH,Germany,https://www.ertemes.com/,ertemes@ertemes.de
ERTEMES GMBH,Germany,https://www.ertemes.com/,marek.werther@ertemes.de
ERTEMES GMBH,Germany,https://www.ertemes.com/,sascha.ehrlich@ertemes.de
ERTEMES GMBH,Germany,https://www.ertemes.com/,werther@ertemes.de
AKINCI TAKTİK TEKSTİL VE SAVUNMA SANAYİ TİCARET ANONİM ŞİRKETİ,Turkey,https://www.anafarta.com.tr,info@anafarta.com
AKINCI TAKTİK TEKSTİL VE SAVUNMA SANAYİ TİCARET ANONİM ŞİRKETİ,Turkey,https://www.anafarta.com.tr,info@anafarta.com.tr
BS ATHLETICS,Turkey,https://www.bsathletics.com.tr,info@bsathletics.com
LEKER.PL,Poland,https://leker.pl/en/,leker@leker.pl
GENCLER BAGS,Turkey,https://genclercanta.com,e-mailgencler@genclercanta.com
GENCLER BAGS,Turkey,https://genclercanta.com,gencler@genclercanta.com
B-DREAM COMPANY,France,https://site.msi-aci.com/Home/Privacy,mvelders@msi-aci.com
B-DREAM COMPANY,France,https://site.msi-aci.com/Home/Privacy,rtiesselinck@msi-aci.com
