Company Name,Country,Europages URL,Company Website URL
LA COMPAGNIE DE BURGONDIE,France,https://www.europages.co.uk/LA-COMPAGNIE-DE-BURGONDIE/00000005473718-001.html,https://www.burgondie.info/
CANARY ISLAND WORLDWIDE S.L.,Spain,https://www.europages.co.uk/CANARY-ISLAND-WORLDWIDE-SL/00000005425544-763896001.html,https://www.canaryislandworldwide.es
BODEGAS BOCOPA,Spain,https://www.europages.co.uk/en/company/bodegas-bocopa-22304911,https://www.bocopa.com/
Sélection Patrick Clerget,France,https://www.europages.co.uk/SELECTION-CLERGET-PATRICK/FRA372319-00101.html,https://www.patrick-clerget.com/
MAISON LE STAR VIGNOBLES   CHATEAUX,France,https://www.europages.co.uk/MAISON-LE-STAR-VIGNOBLES-CHATEAUX/00000005556375-001.html,https://www.maisonlestar.fr
MAISON RIVIERE,France,https://www.europages.co.uk/MAISON-RIVIERE/FRA053452-00101.html,https://www.maisonriviere.fr/accueil
CASA VINICOLA MORANDO S.R.L.,Italy,https://www.europages.co.uk/CASA-VINICOLA-MORANDO-SRL/SEAC000434522-001.html,https://www.morando.com/
BODEGAS ATREVINO,Spain,https://www.europages.co.uk/en/company/bodegas-atrevino-22307900,https://bodegasatrevino.com/
EPI EXPORT PRODOTTI ITALIANI,Italy,https://www.europages.co.uk/EPI-EXPORT-PRODOTTI-ITALIANI/00000005556740-001.html,https://www.exportprodotti.it
Tapones Morato Saez,Spain,https://www.europages.co.uk/en/company/tapones-morato-saez-22299188,https://corkspain.com/
SOMEXPORT,France,https://www.europages.co.uk/SOMEXPORT/FRA318270-537790001.html,https://www.somexport.com/
TRILUXE B.V.,Netherlands,https://www.europages.co.uk/TRILUXE-BV/00000005475939-001.html,https://triluxebv.com/about-us
CORCHOS DEL CONDADO SL,Spain,https://www.europages.co.uk/CORCHOS-DEL-CONDADO-SL/K30120182-000017475001.html,https://www.corchosdelcondado.com/
TENUTA IL CANOVINO,Italy,https://www.europages.co.uk/TENUTA-IL-CANOVINO/00000004694253-492344001.html,http://ilcanovino.it
PIOGGIA STORE,Italy,https://www.europages.co.uk/en/company/pioggia-store-22284269,https://www.pioggiastore.it/
GLOBAL ALIMENT TRADE,Ireland,https://www.europages.co.uk/GLOBAL-ALIMENT-TRADE/00000005505850-001.html,https://site.msi-aci.com/Home/Privacy
MIXT SP ZOO,Poland,https://www.europages.co.uk/MIXT-SP-ZOO/00000005553710-001.html,https://mixtsp.com/
BODEGAS NAJERILLA,Spain,https://www.europages.co.uk/BODEGAS-NAJERILLA/00000003739981-000017186001.html,http://www.bodegasnajerilla.es/
Bodegas Ramon De Ayala Lete e Hijos,Spain,https://www.europages.co.uk/en/company/bodegas-ramon-de-ayala-lete-e-hijos-22308110,http://www.rayalaehijos.com/
JUICE AND WORLD S.L.,Spain,https://www.europages.co.uk/en/company/juice-and-world-sl-22280722,https://www.juiceandworld.com
