Company Name,Country,Europages URL,Company Website URL
F.H.U. Green,Poland,https://www.europages.co.uk/en/company/fhu-green-22292567,https://greentrading.pl/en/home_en/
SOMEXPORT,France,https://www.europages.co.uk/SOMEXPORT/FRA318270-537790001.html,https://www.somexport.com/
EURODUNA Food Ingredients GmbH,Germany,https://www.europages.co.uk/en/company/euroduna-food-ingredients-gmbh-22307780,http://www.euroduna-food.com/
CONDETTA GMBH & CO. KG STORCK INDUSTRIE-SERVICE,Germany,https://www.europages.co.uk/CONDETTA-GMBH-CO-KG-STORCK-INDUSTRIESERVICE/DEU178882-001.html,https://www.condetta.de/en/
ELION TRADE SP. Z O.O.,Poland,https://www.europages.co.uk/ELION-TRADE-SP-Z-OO/00000005552810-001.html,https://www.eliontrade.com
KREGLINGER EUROPE,Belgium,https://www.europages.co.uk/KREGLINGER-EUROPE/BEL068496-00101.html,https://kreglinger.com/
ACHILLE SRL,Italy,https://www.europages.co.uk/ACHILLE-SRL/00000005528966-001.html,https://bello-fresco.com
MIXT SP ZOO,Poland,https://www.europages.co.uk/MIXT-SP-ZOO/00000005553710-001.html,https://mixtsp.com/
DANA EUROPE OU,Estonia,https://www.europages.co.uk/DANA-EUROPE-OU/00000004653868-001.html,http://www.danadairy.com/
ROUSSEL INOX,France,https://www.europages.co.uk/ROUSSEL-INOX/00000003913499-805090001.html,https://roussel-inox.com/
BIOTARIS BV,Netherlands,https://www.europages.co.uk/BIOTARIS-BV/00000005534568-001.html,https://www.biotaris.com
IMA Dairy & Food Holding GmbH,Germany,https://www.europages.co.uk/en/company/ima-dairy-food-holding-gmbh-22283101,https://ima.it/foodanddairy/
CLOVER VALUE S.L.,Spain,https://www.europages.co.uk/CLOVER-VALUE-SL/00000004683479-001.html,http://www.clovervalue.es/
FORMEX MAQUINARIA,Spain,https://www.europages.co.uk/FORMEX-MAQUINARIA/00000005431332-769516001.html,https://www.formex.es/
P.A. AROMATICS FLAVORS SRL,Italy,https://www.europages.co.uk/PA-AROMATICS-FLAVORS-SRL/SEAC004719104-001.html,http://www.paaromatics.it
LOYEZ WOESSEN,France,https://www.europages.co.uk/LOYEZ-WOESSEN/FRA259960-00101.html,https://loyezwoessen.com/
MONGIN,France,https://www.europages.co.uk/MONGIN/00000004663435-001.html,http://www.monginindustry.com/nos-produits/
FOODCOM S.A.,Poland,https://www.europages.co.uk/FOODCOM-SA/00000005386788-750535001.html,https://foodcom.pl/en/
PIE,France,https://www.europages.co.uk/PIE/00000005552197-001.html,https://site.msi-aci.com/Home/Privacy
New Flavours,Italy,https://www.europages.co.uk/en/company/new-flavours-22281965,https://www.new-flavours.com/
