Company Name,Country,Europages URL,Company Website URL
VISCOTEC PUMPEN- U. DOSIERTECHNIK GMBH,Germany,https://www.europages.co.uk/VISCOTEC-PUMPEN-U-DOSIERTECHNIK-GMBH/DEU484704-00101.html,https://www.viscotec.com
MILÉNICA HEALTHCARE S.L.,Spain,https://www.europages.co.uk/MILENICA-HEALTHCARE-SL/00000005500626-001.html,https://www.milenicahealthcare.com
Seka Park Ormanya,Turkey,https://www.europages.co.uk/en/company/seka-park-ormanya-22282562,https://bio.site/sekapark
P.A. AROMATICS FLAVORS SRL,Italy,https://www.europages.co.uk/PA-AROMATICS-FLAVORS-SRL/SEAC004719104-001.html,http://www.paaromatics.it
VAN DIEMEN CHEMICALS BV,Netherlands,https://www.europages.co.uk/VAN-DIEMEN-CHEMICALS-BV/00000005475783-001.html,https://www.vandiemenchemicals.com
"ALTAMI LOGISTICS,S.L.",Spain,https://www.europages.co.uk/ALTAMI-LOGISTICSSL/00000005550971-001.html,https://www.altamilogistics.com
Permix EU,Belgium,https://www.europages.co.uk/en/company/permix-eu-22310404,https://www.permixtec.com/
500cosmetics,Spain,https://www.europages.co.uk/en/company/500cosmetics-22316781,https://500cosmetics.com/es/
SOLITEK - SOLID TECHNOLOGIES SL,Spain,https://www.europages.co.uk/en/company/solitek-solid-technologies-sl-22314579,https://solitekpharma.com/
ATLANTIQUE REPARTITION,France,https://www.europages.co.uk/ATLANTIQUE-REPARTITION/00000005451211-793578001.html,https://atlantique-repart.fr/
FHS Dizayn Paslanmaz Çelik A.S.,Turkey,https://www.europages.co.uk/en/company/fhs-dizayn-paslanmaz-celik-as-22315451,https://fhsdizaynpaslanmaz.com/en/homepage/#/
SCHUBERT & SALZER CONTROL SYSTEMS GMBH,Germany,https://www.europages.co.uk/SCHUBERT-SALZER-CONTROL-SYSTEMS-GMBH/DEU250290-00101.html,https://controlsystems.schubert-salzer.com/
SELECTPACK,Poland,https://www.europages.co.uk/SELECTPACK/00000005550529-001.html,https://ukrpol.ua/en/abouts
"CROVAY NATURAL SOLUTIONS, S.L",Spain,https://www.europages.co.uk/CROVAY-NATURAL-SOLUTIONS-SL/00000005515771-001.html,https://crovay.com
WALTHER-PRÄZISION,Germany,https://www.europages.co.uk/WALTHERPRAZISION/DEU017091-00101.html,https://www.walther-praezision.de/
POLYBAG,Poland,https://www.europages.co.uk/en/company/polybag-22278784,https://polybag.pl/
BORFLEX SERVICES,France,https://www.europages.co.uk/BORFLEX-SERVICES/00000004654018-001.html,https://www.borflex-group.com/
GENCLER BAGS,Turkey,https://www.europages.co.uk/GENCLER-CANTA/00000005425308-763427001.html,https://genclercanta.com
PROTEGG CONFECAO,Portugal,https://www.europages.co.uk/PROTEGG-CONFECAO/00000005549780-001.html,https://www.proteggfactory.com
BANDALL,Netherlands,https://www.europages.co.uk/BANDALL/00000004617817-427588001.html,https://bandall.com/en/
