Company Name,Country,Europages URL,Company Website URL
AMAZONAS NATURPRODUKTE HANDELS GMBH,Germany,https://www.europages.co.uk/AMAZONAS-NATURPRODUKTE-HANDELS-GMBH/00000005549145-001.html,https://en.amazonas-products.com/service.html
The Ingredients Experts,Germany,https://www.europages.co.uk/en/company/the-ingredients-experts-22296180,https://www.ingredients-experts.com/
TH. GEYER INGREDIENTS GMBH & CO. KG,Germany,https://www.europages.co.uk/TH-GEYER-INGREDIENTS-GMBH-CO-KG/00000005015237-001.html,https://www.thgeyer.com/de/ingredients
LOR'N PACK / LABORATOIRES MATHE,France,https://www.europages.co.uk/LORN-PACK-LABORATOIRES-MATHE/FRA806852-000018886002.html,https://laboratoire-mathe.fr/
AGRANA STARCH,Austria,https://www.europages.co.uk/AGRANA-STARCH/00000004668363-001.html,http://www.agrana.at
NATURAL POLAND,Poland,https://www.europages.co.uk/NATURAL-POLAND/00000005435401-774843001.html,https://naturalpoland.com/en/
GLOBAL ALIMENT TRADE,Ireland,https://www.europages.co.uk/GLOBAL-ALIMENT-TRADE/00000005505850-001.html,https://site.msi-aci.com/Home/Privacy
CG CHEMIKALIEN GMBH & CO. KG,Germany,https://www.europages.co.uk/CG-CHEMIKALIEN-GMBH-CO-KG/00000005319233-001.html,http://www.cg-chemikalien.de
TER CHEMICALS DISTRIBUTION GROUP,Germany,https://www.europages.co.uk/TER-CHEMICALS-DISTRIBUTION-GROUP/00000005312816-001.html,https://www.terchemicals.com/en/
PACS CORPORATION,Spain,https://www.europages.co.uk/PACS-CORPORATION/00000005435433-774900001.html,https://pacscorporation.com
PROAGRO GMBH,Austria,https://www.europages.co.uk/PROAGRO-GMBH/00000005394303-001.html,https://www.proagro.at/en/
FOODCOM S.A.,Poland,https://www.europages.co.uk/FOODCOM-SA/00000005386788-750535001.html,https://foodcom.pl/en/
Seka Park Ormanya,Turkey,https://www.europages.co.uk/en/company/seka-park-ormanya-22282562,https://bio.site/sekapark
ATLANTIC CHEMICALS TRADING GMBH,Germany,https://www.europages.co.uk/ATLANTIC-CHEMICALS-TRADING-GMBH/DEU269040-00101.html,https://act.de/en/?mtm_campaign=Partnerlink&mtm_source=Europages&mtm_medium=Profil&mtm_content=Startseite
VIT CHEMICAL GMBH,Germany,https://www.europages.co.uk/VIT-CHEMICAL-GMBH/00000005552387-001.html,http://vitchem.com
BF-ESSE LTD.,Latvia,https://www.europages.co.uk/BFESSE-LTD/00000005551091-001.html,https://bfesse.com
RADZIOWI SP. Z O.O.,Poland,https://www.europages.co.uk/RADZIOWI-SP-Z-OO/00000005446858-785715001.html,https://radziowi.pl/
KONSONET,Lithuania,https://www.europages.co.uk/KONSONET/00000003943197-220983001.html,http://konsonet.eu
VAN WANKUM INGREDIENTS,Netherlands,https://www.europages.co.uk/VAN-WANKUM-INGREDIENTS/00000004739352-537350001.html,http://www.vw-ingredients.com
BIOALTECH,Italy,https://www.europages.co.uk/BIOALTECH/00000005550213-001.html,https://www.bioaltech.com/
